{"all": [{"allF": 41.20809888609781, "allR": 39.16465222764843, "allP": 83.53760131549366}], 
"el": [{"elF": 2.536355644125609, "elR": 1.486087572366842, "elP": 82.95433168978971}], 
"en": [{"enF": 86.56486429764188, "enR": 86.40532657118895, "enP": 89.78033045225506}], 
"pl": [{"plF": 71.52946436037954, "plR": 73.2143123759425, "plP": 76.7332240973125}], 
"ru": [{"ruF": 3.0130839318457006, "ruR": 1.6671539870274503, "ruP": 81.38178667783528}], 
"zh": [{"zhF": 18.746215398214076, "zhR": 10.8415731840021, "zhP": 82.63374485596732}]}